{
  "dataset": "gtzan_genre",
  "n_rows": 999,
  "metrics": {
    "dsp": {
      "n_acc": 998,
      "mean_acc1": 0.6843687374749499,
      "mean_acc2": 0.8677354709418837,
      "mean_mae_bpm": 23.667961022044086,
      "mean_error_pct": 22.15263977955912,
      "n_beat_f": 0,
      "mean_beat_fmeasure": null
    },
    "madmom": {
      "n_acc": 998,
      "mean_acc1": 0.7955911823647295,
      "mean_acc2": 0.9348697394789579,
      "mean_mae_bpm": 15.862778056112223,
      "mean_error_pct": 12.931104709418838,
      "n_beat_f": 998,
      "mean_beat_fmeasure": 0.871716125250501
    }
  }
}